Make,Model
Acura,ILX6-Speed
Acura,ILX5-Speed
Acura,ILXAutomatic
Acura,TSXAutomatic
Acura,TSXSpecial
Acura,TSX5-Speed
Acura,TSX4dr
Acura,TSX
Acura,ILX4dr
Acura,ILXAcuraWatch
Acura,ILXHybrid
Acura,TSXManual
Acura,TSXPremium
Acura,ILXPremium
Acura,ILXTechnology
Acura,TL4dr
Acura,TL2WD
Acura,TLBase
Acura,TLSpecial
Acura,TLAutomatic
Acura,TSXV6
Acura,TLwith
Acura,TLSH-AWD
Acura,TLType-S
Acura,TLManual
Acura,RDXFWD
Acura,TLXFWD
Acura,RDX4WD
Acura,RDXAWD
Acura,RSXAutomatic
Acura,RDXwith
Acura,RSXType-S
Acura,RDX*1-OWNER*LTHR*ROOF*BACK-UP*TECH
Acura,RSXManual
Acura,SLX4WD
Acura,RDXBase
Acura,RLAutomatic
Acura,CLAutomatic
Acura,TLXSH-AWD
Acura,CLType-S
Acura,MDX4WD
Acura,ZDXAWD
Acura,RL4dr
Acura,MDXAWD
Acura,TL3.2
Acura,IntegraGS
Acura,MDXACURA
Acura,MDXBase
Acura,IntegraLS
Acura,MDXFWD
Acura,ZDXBase
Acura,CLManual
Acura,MDXwith
Acura,RLXwith
Acura,RLXBase
Acura,MDXSH-AWD
Acura,RLXAutomatic
Acura,IntegraRS
Acura,MDXAdvance
Acura,RLXHybrid
Acura,MDX3.5L
Acura,MDXSport
Acura,NSXManual
Acura,NSXCoupe
Alfa,Romeo
AM,General
Aston,Martin
Audi,A44dr
Audi,A42dr
Audi,A42007.5
Audi,A42004
Audi,A42.0T
Audi,A45dr
Audi,A42005
Audi,A42007
Audi,A42004.5
Audi,A42005.5
Audi,A3Sedan
Audi,A34dr
Audi,A64dr
Audi,A52.0T
Audi,A52dr
Audi,A32.0T
Audi,A4AWD
Audi,A4Premium
Audi,A4ultra
Audi,A62.0T
Audi,A3Cabriolet
Audi,S3Premium
Audi,A63.0T
Audi,S44dr
Audi,A84dr
Audi,S42dr
Audi,Q5quattro
Audi,A4Season
Audi,A3
Audi,S42007
Audi,Q7quattro
Audi,A8
Audi,Q52.0T
Audi,TTS2dr
Audi,S45dr
Audi,TT2dr
Audi,allroad5dr
Audi,S42005.5
Audi,S4quattro
Audi,S42007.5
Audi,Q3FrontTrak
Audi,Q53.0T
Audi,Q3quattro
Audi,allroad2.0T
Audi,S84dr
Audi,Q3Premium
Audi,A63.0TDI
Audi,Q73.0T
Audi,Q52.0
Audi,TTSCoupe
Audi,S52dr
Audi,S3Prestige
Audi,Q53.2L
Audi,A4Prestige
Audi,RS64dr
Audi,A6CERTIFIED
Audi,TT180hp
Audi,S64dr
Audi,TTCoupe
Audi,A5
Audi,A62016
Audi,SQ5quattro
Audi,S3quattro
Audi,TT3.2L
Audi,RS44dr
Audi,TTRoadster
Audi,S5Coupe
Audi,RS42dr
Audi,Q53.0TDI
Audi,Q53.0
Audi,Q5Premium
Audi,S5Cabriolet
Audi,A73.0T
Audi,TTSS
Audi,TT
Audi,SQ5Premium
Audi,A83.0T
Audi,A74dr
Audi,Q73.0TDI
Audi,TTSRoadster
Audi,S6quattro
Audi,A84.0T
Audi,S7quattro
Audi,S5
Audi,TTS2.0
Audi,A6Premium
Audi,allroadPremium
Audi,Q72.0T
Audi,RS
Audi,A84.2L
Audi,S4Premium
Audi,SQ5Prestige
Audi,S8quattro
Audi,A73.0TDI
Audi,S6Premium
Audi,Q73.0
Audi,S6Prestige
Audi,allroadPrestige
Audi,A7Premium
Audi,A7Prestige
Audi,A7Competition
Audi,R82dr
Audi,S7Premium
Audi,S7Prestige
Audi,S8Sedan
Audi,S4Prestige
Audi,R84.2FSI
Audi,S8Plus
Audi,R85.2
Audi,S8
Audi,R85.2FSI
Audi,R8Auto
Audi,R8
Bentley,Continental
Bentley,Arnage4dr
Bentley,Continental2dr
Bentley,Azure2dr
Bentley,Brooklands2dr
Bentley,Flying
Bentley,Mulsanne4dr
Bentley,MulsanneBase
Bentley,MulsanneSedan
Bentley,ContinentalGT
Bentley,BentaygaW12
Bentley,MulsanneSpeed
BMW,3
BMW,X1sDrive28i
BMW,5
BMW,X1xDrive28i
BMW,1
BMW,i3Hatchback
BMW,X3AWD
BMW,X1xDrive35i
BMW,X3xDrive28i
BMW,X1xDrive
BMW,X5AWD
BMW,7
BMW,X3sDrive28i
BMW,X3xDrive35i
BMW,2
BMW,Z4Roadster
BMW,X5xDrive35i
BMW,X5
BMW,X1Sports
BMW,6
BMW,Z42dr
BMW,X1AWD
BMW,Z3Roadster
BMW,4
BMW,X5xDrive50i
BMW,X3xDrive28d
BMW,X5xDrive35d
BMW,X4xDrive28i
BMW,X6AWD
BMW,Z4Coupe
BMW,i394
BMW,X5sDrive35i
BMW,Z3Z3
BMW,X535i
BMW,Z4sDrive28i
BMW,Z4sDrive35i
BMW,Z4Z4
BMW,X4xDrive35i
BMW,X6
BMW,X6xDrive35i
BMW,Z3Coupe
BMW,X6xDrive50i
BMW,M34dr
BMW,M32dr
BMW,M62dr
BMW,M54dr
BMW,Z4sDrive35is
BMW,M3M3
BMW,M3Convertible
BMW,X4xDriveM40i
BMW,8
BMW,X6sDrive35i
BMW,M3Coupe
BMW,M5Sedan
BMW,M4Coupe
BMW,M2Coupe
BMW,X5xDrive40e
BMW,X4M40i
BMW,M6Convertible
BMW,M6M6
BMW,M3Sedan
BMW,M4Convertible
BMW,M6Coupe
Buick,Verano1SD
Buick,VeranoBase
Buick,VeranoSport
Buick,VeranoConvenience
Buick,VeranoVerano
Buick,Verano4dr
Buick,VeranoLeather
Buick,Rendezvous4dr
Buick,Verano1SV
Buick,RendezvousFWD
Buick,Verano
Buick,VeranoPremium
Buick,VeranoTurbo
Buick,RendezvousCX
Buick,RendezvousCXL
Buick,VeranoFWD
Buick,Terraza4dr
Buick,EncoreFWD
Buick,EncoreConvenience
Buick,EncoreLeather
Buick,EncorePremium
Buick,EncoreEncore
Buick,EncoreAWD
Buick,EncoreSport
Buick,LaCrosse4dr
Buick,LaCrosseFWD
Buick,Lucerne4dr
Buick,LaCrosseAWD
Buick,Regal4dr
Buick,Skylark4dr
Buick,Encore
Buick,RegalTurbo
Buick,RegalPremium
Buick,RegalSport
Buick,RegalBase
Buick,RegalRegal
Buick,LaCrosseLeather
Buick,Rainier4dr
Buick,VeranoSedan
Buick,LeSabre4dr
Buick,RegalFWD
Buick,LaCrosseCXL
Buick,Regal
Buick,Regal1FL
Buick,RegalGS
Buick,CascadaPremium
Buick,RegalSedan
Buick,RainierRWD
Buick,EnclaveFWD
Buick,RegalBARGAIN
Buick,RegalFleet
Buick,RainierAWD
Buick,EnclaveAWD
Buick,EnclaveConvenience
Buick,Riviera2dr
Buick,Century4dr
Buick,EnclaveLeather
Buick,EnvisionFWD
Buick,EnclaveBase
Buick,EnvisionAWD
Buick,EnvisionPremium
Buick,EnclavePremium
Buick,CascadaConvertible
Buick,CascadaSport
Buick,Park
Buick,CenturyCustom
Buick,LeSabreLimited
Buick,LaCrossePremium
Buick,Regal97.5
Cadillac,CTS4dr
Cadillac,ATS2.5L
Cadillac,ATS2.0L
Cadillac,CTS
Cadillac,ATS3.6L
Cadillac,STS4dr
Cadillac,SRXRWD
Cadillac,ATS
Cadillac,DTS4dr
Cadillac,SRX4dr
Cadillac,SRXAWD
Cadillac,Seville4dr
Cadillac,DeVille4dr
Cadillac,SRXFWD
Cadillac,SRXBase
Cadillac,Catera4dr
Cadillac,SRXLuxury
Cadillac,DeVille
Cadillac,XLR2dr
Cadillac,SRXStandard
Cadillac,DeVilleBase
Cadillac,SRXPerformance
Cadillac,SRXPremium
Cadillac,DeVilleSedan
Cadillac,d'Elegance4dr
Cadillac,Concours4dr
Cadillac,DeVille4d
Cadillac,SRXLeather
Cadillac,XT5Standard
Cadillac,SRX3.6
Cadillac,STS-V4dr
Cadillac,XTSLuxury
Cadillac,XTSBase
Cadillac,Eldorado2dr
Cadillac,Escalade
Cadillac,XTSFWD
Cadillac,STS-VSTS-V
Cadillac,Escalade4dr
Cadillac,CTS-VCTS-V
Cadillac,XTS3.6L
Cadillac,ELRCoupe
Cadillac,XTSPremium
Cadillac,XTSPlatinum
Cadillac,XT5Luxury
Cadillac,XTSAWD
Cadillac,EscaladeAWD
Cadillac,CTS-V4dr
Cadillac,XTSVsport
Cadillac,Escalade2WD
Cadillac,XTS
Cadillac,XLR-VXLR-V
Cadillac,CT6
Cadillac,XT5Premium
Cadillac,EscaladeRWD
Cadillac,XT5Platinum
Cadillac,ATS-V
Cadillac,CTS-V
Cadillac,XLR-V2dr
Cadillac,EscaladeLuxury
Cadillac,EscaladePremium
Cadillac,EscaladePlatinum
Cadillac,EscaladeBase
Cadillac,XTSTurbo
Cadillac,XT5FWD
Cadillac,Escalade4WD
Chevrolet,CruzeSedan
Chevrolet,EquinoxFWD
Chevrolet,MalibuLS
Chevrolet,MalibuLT
Chevrolet,Malibu1LT
Chevrolet,Malibu4dr
Chevrolet,CruzeL
Chevrolet,CruzeLS
Chevrolet,Malibu2LT
Chevrolet,Cruze1LT
Chevrolet,MalibuFleet
Chevrolet,Malibu
Chevrolet,CruzeLT
Chevrolet,Malibu4d
Chevrolet,Cruze4dr
Chevrolet,Malibu2LZ
Chevrolet,Cruze2LT
Chevrolet,Aveo5dr
Chevrolet,CruzeHatchback
Chevrolet,CruzeECO
Chevrolet,MalibuECO
Chevrolet,Aveo1LT
Chevrolet,Tahoe2WD
Chevrolet,Malibu1LTZ
Chevrolet,MalibuL
Chevrolet,CruzeLTZ
Chevrolet,Malibu1LZ
Chevrolet,Aveo4dr
Chevrolet,Spark
Chevrolet,Malibu3LT
Chevrolet,MalibuBase
Chevrolet,EquinoxAWD
Chevrolet,CruzePremier
Chevrolet,TraxFWD
Chevrolet,Malibu1FL
Chevrolet,MalibuSEDAN
Chevrolet,SonicSedan
Chevrolet,MalibuClassic
Chevrolet,Cobalt4dr
Chevrolet,SonicHatch
Chevrolet,Equinox4dr
Chevrolet,CruzeDiesel
Chevrolet,Malibu2LTZ
Chevrolet,Cobalt2dr
Chevrolet,MalibuHybrid
Chevrolet,Equinox2WD
Chevrolet,TraxAWD
Chevrolet,MalibuLTZ
Chevrolet,Cruze
Chevrolet,SonicHatchback
Chevrolet,Cruze4d
Chevrolet,MalibuPremier
Chevrolet,MalibuFleet*1-Owner*Clean
Chevrolet,ImpalaLimited
Chevrolet,Cruze1FL
Chevrolet,ImpalaLT
Chevrolet,Impala4dr
Chevrolet,Captiva
Chevrolet,Trax
Chevrolet,SparkLS
Chevrolet,ImpalaPolice
Chevrolet,Impala1LT
Chevrolet,Silverado
Chevrolet,ImpalaLS
Chevrolet,City
Chevrolet,Impala1LTZ
Chevrolet,EquinoxLT
Chevrolet,Equinox4d
Chevrolet,Spark1LT
Chevrolet,Colorado2WD
Chevrolet,CamaroCoupe
Chevrolet,ImpalaUnmarked
Chevrolet,Equinox
Chevrolet,Impala4d
Chevrolet,EquinoxLTZ
Chevrolet,CobaltSS
Chevrolet,ImpalaLTZ
Chevrolet,Uplander
Chevrolet,Impala4
Chevrolet,ImpalaSEDAN
Chevrolet,Impala2LT
Chevrolet,Camaro2dr
Chevrolet,Impala
Chevrolet,Impala1LS
Chevrolet,Trax1LT
Chevrolet,ImpalaLT2
Chevrolet,EquinoxLS
Chevrolet,Spark2LT
Chevrolet,TraverseFWD
Chevrolet,ColoradoRegular
Chevrolet,Camaro2LS
Chevrolet,CamaroConvertible
Chevrolet,Cavalier4dr
Chevrolet,VoltBase
Chevrolet,VoltPlug-In
Chevrolet,TraverseAWD
Chevrolet,Camaro1LS
Chevrolet,Uplander4dr
Chevrolet,CamaroLS
Chevrolet,ImpalaImpala
Chevrolet,ColoradoExtended
Chevrolet,Cavalier2dr
Chevrolet,Chevy
Chevrolet,Colorado4WD
Chevrolet,Volt5dr
Chevrolet,TraverseLS
Chevrolet,Impala2LTZ
Chevrolet,TrailBlazer2WD
Chevrolet,TrailBlazer4WD
Chevrolet,TrailBlazer4dr
Chevrolet,Impala3LT
Chevrolet,HHRFWD
Chevrolet,Express
Chevrolet,ImpalaPremier
Chevrolet,C/K
Chevrolet,Tracker4dr
Chevrolet,HHR4dr
Chevrolet,Traverse1LT
Chevrolet,Traverse2LT
Chevrolet,ColoradoCrew
Chevrolet,Tracker2dr
Chevrolet,HHR2WD
Chevrolet,Tahoe4dr
Chevrolet,Monte
Chevrolet,S-102WD
Chevrolet,CamaroLT
Chevrolet,VoltLT
Chevrolet,TahoeLS
Chevrolet,Tahoe
Chevrolet,Suburban4dr
Chevrolet,Blazer2dr
Chevrolet,Camaro1LT
Chevrolet,TahoePolice
Chevrolet,Blazer4dr
Chevrolet,S-104WD
Chevrolet,BlazerFleet
Chevrolet,Prizm4dr
Chevrolet,VentureExt
Chevrolet,TraverseLTZ
Chevrolet,Astro
Chevrolet,New
Chevrolet,Tahoe4WD
Chevrolet,AveoLT
Chevrolet,VentureReg
Chevrolet,VoltPremier
Chevrolet,TahoeCommercial
Chevrolet,Lumina4dr
Chevrolet,TahoeHeated
Chevrolet,TahoeSpecial
Chevrolet,Avalanche1500
Chevrolet,Impala2
Chevrolet,Suburban4WD
Chevrolet,C
Chevrolet,Bolt
Chevrolet,ImpalaFirst
Chevrolet,Venture4dr
Chevrolet,Camaro
Chevrolet,Corvette2dr
Chevrolet,Suburban2WD
Chevrolet,TahoeLT
Chevrolet,SonicLT
Chevrolet,SSSedan
Chevrolet,AvalancheLT
Chevrolet,SuburbanLS
Chevrolet,Suburban1500
Chevrolet,Avalanche2WD
Chevrolet,Avalanche4WD
Chevrolet,Tahoe2dr
Chevrolet,Tahoe1500
Chevrolet,Suburban2500
Chevrolet,SuburbanLT
Chevrolet,Suburban3/4
Chevrolet,SuburbanFleet
Chevrolet,TahoeLTZ
Chevrolet,Avalanche2500
Chevrolet,AvalancheLS
Chevrolet,SSRRegular
Chevrolet,Suburban
Chevrolet,Spark4DR
Chevrolet,CorvetteConvertible
Chevrolet,CorvetteCoupe
Chevrolet,SuburbanLTZ
Chevrolet,AvalancheLTZ
Chevrolet,TrailBlazerLS
Chevrolet,CamaroSS
Chevrolet,Camaro2SS
Chevrolet,Venture
Chevrolet,P
Chevrolet,Corvette
Chevrolet,CorvetteStingray
Chevrolet,TahoePremier
Chevrolet,Corvette427
Chevrolet,CorvetteZ06
Chevrolet,CorvetteZ51
Chevrolet,CorvetteGrand
Chevrolet,CorvetteZR1
Chrysler,AspenAWD
Chrysler,AspenRWD
Chrysler,Aspen2WD
Chrysler,Pacifica4dr
Chrysler,Aspen4WD
Chrysler,200Sedan
Chrysler,200Limited
Chrysler,200LX
Chrysler,200S
Chrysler,2004dr
Chrysler,2002dr
Chrysler,200Convertible
Chrysler,200Touring
Chrysler,200
Chrysler,200C
Chrysler,PacificaLX
Chrysler,3004dr
Chrysler,Crossfire2dr
Chrysler,Pacifica2004
Chrysler,300300
Chrysler,PacificaTouring
Chrysler,300Limited
Chrysler,300300S
Chrysler,PacificaTouring-L
Chrysler,300300C
Chrysler,300Uptown
Chrysler,Sebring4dr
Chrysler,300Motown
Chrysler,Sebring2dr
Chrysler,Sebring
Chrysler,300Luxury
Chrysler,Town
Chrysler,Sebring2004
Chrysler,300M4dr
Chrysler,Sebring2004.5
Chrysler,300C
Chrysler,300John
Chrysler,PT
Chrysler,300Anniversary
Chrysler,Cirrus4dr
Chrysler,LHS4dr
Chrysler,Concorde4dr
Chrysler,PacificaLimited
Chrysler,300SRT8
Chrysler,Voyager4dr
Chrysler,SebringTouring
Chrysler,Prowler2dr
Chrysler,PacificaHybrid
Dodge,ChargerSE
Dodge,AvengerSE
Dodge,Caliber4dr
Dodge,AvengerSXT
Dodge,Avenger4dr
Dodge,CaliberSXT
Dodge,Charger4dr
Dodge,Charger
Dodge,ChargerSXT
Dodge,Caliber
Dodge,AvengerR/T
Dodge,ChargerRT
Dodge,DartSXT
Dodge,Charger4d
Dodge,ChargerPolice
Dodge,Magnum4dr
Dodge,ChargerV6
Dodge,Grand
Dodge,DartSE
Dodge,ChargerBase
Dodge,JourneySE
Dodge,ChargerAWD
Dodge,CaliberExpress
Dodge,JourneyFWD
Dodge,DartAero
Dodge,ChargerRoad/Track
Dodge,Neon4dr
Dodge,DartRallye
Dodge,ChargerR/T
Dodge,DartGT
Dodge,ChallengerSXT
Dodge,JourneySXT
Dodge,JourneyAmerican
Dodge,Stratus
Dodge,DartLimited
Dodge,Ram
Dodge,JourneyAWD
Dodge,Challenger2dr
Dodge,Avenger2dr
Dodge,JourneyR/T
Dodge,Caravan
Dodge,JourneyCrossroad
Dodge,Dart
Dodge,DartSXT/Rallye
Dodge,JourneyCrew
Dodge,Nitro2WD
Dodge,ChallengerRallye
Dodge,JourneyGT
Dodge,JourneyLimited
Dodge,Nitro4WD
Dodge,ChargerSRT8
Dodge,NitroSE
Dodge,ChargerDaytona
Dodge,NitroSXT
Dodge,Dakota2WD
Dodge,Challenger
Dodge,ChallengerR/T
Dodge,Dakota4WD
Dodge,Durango4dr
Dodge,Durango2WD
Dodge,NitroSLT/RT
Dodge,Durango4WD
Dodge,Journey
Dodge,Sprinter3500
Dodge,CaravanSE
Dodge,Stratus2004
Dodge,Stratus2dr
Dodge,NitroR/T
Dodge,DurangoSXT
Dodge,ChallengerShaker
Dodge,Caravan4dr
Dodge,NeonSE
Dodge,Stratus4dr
Dodge,CaravanSport
Dodge,CaravanSXT
Dodge,ChallengerGT
Dodge,NitroSPORT
Dodge,DurangoAWD
Dodge,ChargerPursuit
Dodge,CaliberHB
Dodge,ChallengerSRT8
Dodge,ChargerFleet
Dodge,Sprinter
Dodge,Intrepid4dr
Dodge,DurangoCrew
Dodge,DakotaBighorn/Lonestar
Dodge,Sprinter2500
Dodge,CaravanEX
Dodge,ChargerSRT
Dodge,DurangoLimited
Dodge,Caravan4
Dodge,DurangoGT
Dodge,DurangoSpecial
Dodge,DurangoCitadel
Dodge,ChallengerT/A
Dodge,CaravanES
Dodge,StratusSE
Dodge,ChallengerScat
Dodge,DurangoPolice
Dodge,Caravan3
Dodge,ChallengerSRT
Dodge,DurangoR/T
Dodge,Challenger392
Dodge,Neonsx
Dodge,Nitro
Dodge,Stratus2004.5
Dodge,ChargerSCATPK
Dodge,Viper2dr
Dodge,SRT
Dodge,ViperGTS
Dodge,ViperGTC
Dodge,ViperSRT
Dodge,ViperACR
Ferrari,3602dr
Ferrari,430Coupe
Ferrari,California2dr
Ferrari,612
Ferrari,4302dr
Ferrari,430Convertible
Ferrari,CaliforniaConvertible
Ferrari,575M
Ferrari,430Spider
Ferrari,599
Ferrari,FF2dr
Ferrari,458
Ferrari,FFHatchback
Ferrari,360Challenge
Ferrari,California
Ferrari,488
Ferrari,F12berlinettaCoupe
Ferrari,F12berlinetta2dr
Ferrari,GTC4LussoCoupe
FIAT,500eBATTERY
FIAT,500e
FIAT,500XFWD
FIAT,500
FIAT,500XAWD
FIAT,500LEasy
FIAT,500XPop
FIAT,500Pop
FIAT,500XLounge
FIAT,500Easy
FIAT,500Sport
FIAT,500XTrekking
FIAT,500Ribelle
FIAT,500LPop
FIAT,500LTrekking
FIAT,500Lounge
FIAT,500Turbo
FIAT,500LLounge
FIAT,500Abarth
FIAT,500cPop
FIAT,500Gucci
FIAT,5001957
FIAT,124
FIAT,500LUrbana
FIAT,500cLounge
FIAT,500cAbarth
FIAT,500cGQ
Fisker,Karma4dr
Fisker,KarmaEcoSport
Ford,Taurus
Ford,Focus
Ford,FusionS
Ford,FusionSE
Ford,FocusS
Ford,FocusHatchback
Ford,FocusSedan
Ford,Fusion4dr
Ford,FiestaHatchback
Ford,FusionHybrid
Ford,FiestaSE
Ford,FiestaSedan
Ford,FocusSE
Ford,FusionTitanium
Ford,FiestaS
Ford,C-Max
Ford,Focus4dr
Ford,FocusSEL
Ford,Focus5dr
Ford,Fiesta4dr
Ford,EscapeFWD
Ford,Five
Ford,Edge4dr
Ford,Fiesta5dr
Ford,Fusion
Ford,EscapeS
Ford,Focus2dr
Ford,Focus3dr
Ford,FocusTitanium
Ford,EscapeTitanium
Ford,FiestaTitanium
Ford,EscapeSE
Ford,FusionPlatinum
Ford,Escape4dr
Ford,Escape4WD
Ford,FocusST
Ford,ZX22dr
Ford,MustangConvertible
Ford,Escape2WD
Ford,FusionSEL
Ford,F-1502WD
Ford,MustangCoupe
Ford,EscapeSEL
Ford,Mustang2dr
Ford,F-150XL
Ford,F-1504WD
Ford,EdgeSE
Ford,MustangV6
Ford,MustangFastback
Ford,F-150
Ford,ExplorerRWD
Ford,FiestaST
Ford,TaurusSE
Ford,Explorer4dr
Ford,EscapeXLS
Ford,Explorer4WD
Ford,EdgeSEL
Ford,Transit
Ford,ExplorerBase
Ford,Super
Ford,MustangEcoBoost
Ford,F-150Regular
Ford,EdgeFWD
Ford,EdgeLimited
Ford,TaurusSEL
Ford,EscapeSPORT
Ford,Mustang
Ford,F-150XLT
Ford,Freestyle4dr
Ford,FusionSport
Ford,EdgeAWD
Ford,ExplorerFWD
Ford,Taurus4dr
Ford,Expedition4WD
Ford,F-150SuperCab
Ford,Explorer2dr
Ford,TaurusLimited
Ford,Explorer2WD
Ford,ExplorerAWD
Ford,Econoline
Ford,EscapeBase
Ford,F-2502WD
Ford,ExplorerXLT
Ford,Freestar
Ford,TaurusPolice
Ford,ExplorerPolice
Ford,Ranger2WD
Ford,ExplorerLimited
Ford,F-150SuperCrew
Ford,TaurusSHO
Ford,Expedition5.4L
Ford,Escort2dr
Ford,EdgeSport
Ford,EdgeTitanium
Ford,Explorer
Ford,"Expedition119"""
Ford,Expedition4dr
Ford,Crown
Ford,Windstar
Ford,MustangGT
Ford,Expedition2WD
Ford,F-3502WD
Ford,Club
Ford,Contour4dr
Ford,RangerXL
Ford,EdgeLTD
Ford,Expedition4.6L
Ford,ExplorerSport
Ford,F-2504WD
Ford,F-250
Ford,Flex4dr
Ford,Expedition
Ford,Ranger4WD
Ford,FlexSE
Ford,F-150Platinum
Ford,Escort4dr
Ford,ExpeditionXLT
Ford,E-Series
Ford,ExpeditionLimited
Ford,ExpeditionEddie
Ford,FlexSEL
Ford,F-150Lariat
Ford,EscortSE
Ford,FlexLimited
Ford,F-350
Ford,F-150Limited
Ford,F-150AWD
Ford,Ranger
Ford,Thunderbird2dr
Ford,FocusRS
Ford,EscortFleet
Ford,ExpeditionXL
Ford,"Excursion137"""
Ford,ExpeditionKing
Ford,F-150FX4
Ford,F-150'07
Ford,F-1502010
Ford,MustangShelby
Ford,F-150King
Ford,F-150SVT
Ford,Excursion2005
Ford,RangerEdge
Ford,ExpeditionEL
Ford,ExpeditionPlatinum
Ford,F-150Raptor
Ford,MustangCobra
Ford,GT2dr
Freightliner,Sprinter
Genesis,G803.8L
Genesis,G805.0L
Genesis,G903.3T
Genesis,G905.0L
Geo,Tracker2dr
GMC,TerrainAWD
GMC,TerrainFWD
GMC,Sierra
GMC,AcadiaFWD
GMC,New
GMC,TerrainSLE-2
GMC,TerrainSLT
GMC,AcadiaAWD
GMC,CanyonExtended
GMC,CanyonRegular
GMC,Yukon
GMC,Canyon2WD
GMC,Savana
GMC,Safari
GMC,Envoy2WD
GMC,Envoy4dr
GMC,Envoy4WD
GMC,Classic
GMC,Envoy
GMC,Canyon4WD
GMC,CanyonCrew
GMC,Yukon4dr
GMC,Denali4dr
GMC,Jimmy4dr
GMC,CanyonSLE
GMC,Yukon2WD
GMC,AcadiaSLE
GMC,Sonoma4WD
GMC,Sonoma2WD
GMC,Yukon4WD
GMC,Acadia
GMC,P
GMC,Jimmy2dr
GMC,YukonAWD
GMC,YukonSLE
GMC,TerrainSLT-1
GMC,YukonSLT1
GMC,Suburban1500
GMC,Yukon1500
GMC,YukonXL
GMC,Suburban2500
GMC,YukonCOMMERCIAL
GMC,YukonDenali
Honda,Civic
Honda,Accord
Honda,CR-Z3dr
Honda,CR-ZEX
Honda,CR-ZCVT
Honda,InsightLX
Honda,CR-ZManual
Honda,InsightBase
Honda,CivicSi
Honda,FitAutomatic
Honda,CR-ZAutomatic
Honda,FitLX
Honda,FitEX-L
Honda,Fit5dr
Honda,FitEX
Honda,FitSport
Honda,Insight5dr
Honda,InsightEX
Honda,FitManual
Honda,CR-ZLX
Honda,InsightCVT
Honda,CR-VEX-L
Honda,CivicEX
Honda,CivicGX
Honda,CivicContinuously
Honda,CivicLX
Honda,CR-ZEX-L
Honda,Fit
Honda,CivicVP
Honda,CivicManual
Honda,CR-VLX
Honda,CR-VEX
Honda,CR-V2WD
Honda,HR-V2WD
Honda,HR-VLX
Honda,CR-V4WD
Honda,CR-VSE
Honda,InsightContinuously
Honda,HR-VAWD
Honda,HR-VEX
Honda,HR-VEX-L
Honda,Odyssey5dr
Honda,CivicDX
Honda,Pilot4WD
Honda,OdysseyLX
Honda,CivicCX
Honda,OdysseyEX
Honda,Pilot2WD
Honda,CR-V
Honda,CrosstourEX-L
Honda,Prelude2dr
Honda,CrosstourEX
Honda,OdysseyEX-L
Honda,CR-VTouring
Honda,Odyssey4dr
Honda,OdysseyEX-RES
Honda,Element4WD
Honda,PilotEX-L
Honda,PilotLX
Honda,Ridgeline4WD
Honda,PilotEX
Honda,OdysseySE
Honda,OdysseyTouring
Honda,RidgelineSport
Honda,RidgelineRTS
Honda,RidgelineRT
Honda,CR-VAutomatic
Honda,Passport4WD
Honda,PreludeAutomatic
Honda,RidgelineSE
Honda,RidgelineRTL
Honda,Element2WD
Honda,PilotSE
Honda,OdysseyMINI
Honda,PilotTouring
Honda,Passport2WD
Honda,RidgelineRTL-T
Honda,CivicHX
Honda,CR-VONE
Honda,S20002dr
Honda,S2000Manual
Honda,Odyssey2005
Honda,RidgelineBlack
Honda,RidgelineRTL-E
Honda,InsightManual
Honda,PilotElite
Honda,OdysseyElite
Honda,Pilot
HUMMER,H34dr
HUMMER,H34WD
HUMMER,H3Alpha
HUMMER,H3
HUMMER,H3H3T
HUMMER,H24WD
HUMMER,H24dr
HUMMER,H14-Passenger
Hyundai,Sonata
Hyundai,ElantraSE
Hyundai,Sonata2.4L
Hyundai,ElantraLimited
Hyundai,SonataSE
Hyundai,SonataGLS
Hyundai,Elantra4dr
Hyundai,Sonata4dr
Hyundai,ElantraValue
Hyundai,ElantraGLS
Hyundai,Elantra
Hyundai,SonataSport
Hyundai,SonataLimited
Hyundai,Sonata1.6T
Hyundai,Elantra4DSD
Hyundai,ElantraSEL
Hyundai,ElantraSport
Hyundai,ElantraECO
Hyundai,SonataEco
Hyundai,AccentSE
Hyundai,Accent4dr
Hyundai,Sonata2.0T
Hyundai,Tiburon2dr
Hyundai,Elantra5dr
Hyundai,AccentValue
Hyundai,AccentGS
Hyundai,AccentGLS
Hyundai,Genesis
Hyundai,AccentSport
Hyundai,VelosterManual
Hyundai,Accent3dr
Hyundai,TucsonSE
Hyundai,TucsonFWD
Hyundai,TucsonGLS
Hyundai,SonataSEL
Hyundai,Accent5dr
Hyundai,VelosterAutomatic
Hyundai,VelosterRE:MIX
Hyundai,VelosterDual
Hyundai,TucsonAWD
Hyundai,Azera4dr
Hyundai,TucsonGL
Hyundai,AzeraSedan
Hyundai,VelosterTurbo
Hyundai,VelosterValue
Hyundai,Veloster3dr
Hyundai,Tucson4WD
Hyundai,TucsonLimited
Hyundai,Santa
Hyundai,VelosterRE:FLEX
Hyundai,Tucson4dr
Hyundai,TucsonEco
Hyundai,TucsonSport
Hyundai,AzeraLimited
Hyundai,SonataBase
Hyundai,Accent
Hyundai,Genesis4dr
Hyundai,TucsonNight
Hyundai,Ioniq
Hyundai,XG3004dr
Hyundai,Genesis3.8
Hyundai,VeracruzAWD
Hyundai,TucsonWalking
Hyundai,VeracruzFWD
Hyundai,Veloster1.6L
Hyundai,XG3504dr
Hyundai,Genesis5.0
Hyundai,Entourage4dr
Hyundai,Genesis3.8L
Hyundai,GenesisV6
Hyundai,Azera3.3L
Hyundai,Equus4dr
Hyundai,EquusSignature
Hyundai,Genesis5.0L
Hyundai,EquusUltimate
INFINITI,M45Sport
INFINITI,M45Base
INFINITI,G25
INFINITI,M454dr
INFINITI,QX4Luxury
INFINITI,QX4QX4
INFINITI,M354dr
INFINITI,G37
INFINITI,G35
INFINITI,G20Luxury
INFINITI,G20Touring
INFINITI,Q50AWD
INFINITI,Q40RWD
INFINITI,Q40AWD
INFINITI,I35Luxury
INFINITI,Q50RWD
INFINITI,M35x
INFINITI,M35Sport
INFINITI,Q50Hybrid
INFINITI,EX35RWD
INFINITI,M35Base
INFINITI,EX35AWD
INFINITI,Q504dr
INFINITI,QX50AWD
INFINITI,Q503.0t
INFINITI,Q502.0t
INFINITI,EX37EX37
INFINITI,QX50RWD
INFINITI,QX30Base
INFINITI,FX35AWD
INFINITI,FX35Base
INFINITI,QX30Sport
INFINITI,Q70V6
INFINITI,QX602WD
INFINITI,FX354dr
INFINITI,QX60FWD
INFINITI,Q50
INFINITI,M35hM35h
INFINITI,QX30Luxury
INFINITI,FX45AWD
INFINITI,QX60AWD
INFINITI,FX35RWD
INFINITI,I30Luxury
INFINITI,QX30FWD
INFINITI,I30Touring
INFINITI,FX37FX37
INFINITI,QX30Premium
INFINITI,M374dr
INFINITI,Q60
INFINITI,QX30AWD
INFINITI,Q70LV6
INFINITI,M564dr
INFINITI,FX35with
INFINITI,QX60Hybrid
INFINITI,EX37Journey
INFINITI,Q45Base
INFINITI,M56x
INFINITI,FX50AWD
INFINITI,QX70AWD
INFINITI,QX70RWD
INFINITI,I30Limited
INFINITI,M37Base
INFINITI,M37x
INFINITI,M37M37
INFINITI,FX35Limited
INFINITI,QX70V6
INFINITI,QX564dr
INFINITI,Q603.0t
INFINITI,QX562WD
INFINITI,JX35JX35
INFINITI,M37M37x
INFINITI,QX60Base
INFINITI,QX564WD
INFINITI,Q602.0t
INFINITI,M56M56
INFINITI,I30Automatic
INFINITI,QX56RWD
INFINITI,Q703.7
INFINITI,Q45Premium
INFINITI,M56M56x
INFINITI,QX56AWD
INFINITI,Q50Red
INFINITI,FX50FX50
INFINITI,Q70LV8
INFINITI,Q45with
INFINITI,Q70V8
INFINITI,FX352
INFINITI,Q70hHybrid
INFINITI,Q70L3.7
INFINITI,QX60
INFINITI,QX56Base
INFINITI,QX70V8
INFINITI,QX802WD
INFINITI,QX804WD
INFINITI,Q70L5.6
INFINITI,Q705.6
INFINITI,QX80RWD
INFINITI,QX80AWD
Isuzu,i-2902WD
Isuzu,Axiom4dr
Isuzu,i-2802dr
Isuzu,Rodeo4dr
Isuzu,Trooper4dr
Isuzu,VehiCROSS2dr
Isuzu,Ascender4dr
Isuzu,Ascender2WD
Isuzu,HombreSpacecab
Isuzu,HombreReg
Isuzu,i-3504dr
Jaguar,XK82dr
Jaguar,S-TYPE4dr
Jaguar,XFPremium
Jaguar,X-TYPE4dr
Jaguar,XF4dr
Jaguar,XFI4
Jaguar,XFXF
Jaguar,XF2009
Jaguar,XFSport
Jaguar,XFPortfolio
Jaguar,XFV6
Jaguar,XF35t
Jaguar,XK2dr
Jaguar,XJ4dr
Jaguar,XE25t
Jaguar,XK
Jaguar,XJ
Jaguar,XE20d
Jaguar,XF
Jaguar,XFV8
Jaguar,XE35t
Jaguar,XFXFR
Jaguar,XF20d
Jaguar,XJL
Jaguar,XKXK
Jaguar,XJRWD
Jaguar,XKXKR
Jaguar,XJAWD
Jaguar,XFR
Jaguar,XFS
Jaguar,XFSupercharged
Jaguar,F-PACE35t
Jaguar,XJBase
Jaguar,F-PACE25t
Jaguar,F-PACE20d
Jaguar,XJSupercharged
Jaguar,XKCoupe
Jaguar,XKR
Jaguar,XJR
Jaguar,XFXFR-S
Jaguar,XFR-Sport
Jaguar,F-TYPEF-Type
Jaguar,XKConvertible
Jaguar,F-TYPECoupe
Jaguar,F-TYPEConvertible
Jaguar,F-PACES
Jaguar,XJR-Sport
Jaguar,XJXJL
Jaguar,XKXKR-S
Jaguar,XFR-S
Jaguar,F-PACEFirst
Jaguar,XKR-S
Jaguar,F-TYPESVR
Jeep,CompassSport
Jeep,CompassLatitude
Jeep,CompassHigh
Jeep,Cherokee4WD
Jeep,CompassFWD
Jeep,Compass4WD
Jeep,CherokeeLatitude
Jeep,CherokeeSport
Jeep,CompassAltitude
Jeep,CherokeeFWD
Jeep,Compass75th
Jeep,CompassLatutide
Jeep,RenegadeSport
Jeep,PatriotSport
Jeep,CompassLimited
Jeep,CherokeeAltitude
Jeep,CherokeeLimited
Jeep,PatriotLatitude
Jeep,CherokeeHigh
Jeep,Compass2WD
Jeep,PatriotFWD
Jeep,Compass2017.5
Jeep,Compass
Jeep,RenegadeLatitude
Jeep,Patriot75th
Jeep,PatriotAltitude
Jeep,PatriotHigh
Jeep,PatriotLimited
Jeep,Patriot4WD
Jeep,RenegadeLimited
Jeep,Cherokee75th
Jeep,LibertyRWD
Jeep,CherokeeTrailhawk
Jeep,Grand
Jeep,Renegade75th
Jeep,PatriotNorth
Jeep,Liberty4dr
Jeep,Liberty4WD
Jeep,RenegadeJustice
Jeep,CommanderRWD
Jeep,Renegade4WD
Jeep,Patriot2WD
Jeep,RenegadeTrailhawk
Jeep,CherokeeOverland
Jeep,Cherokee4dr
Jeep,Commander4WD
Jeep,Commander4dr
Jeep,CompassTrailhawk
Jeep,Liberty2WD
Jeep,Cherokee2dr
Jeep,Commander2WD
Jeep,CherokeeL
Jeep,LibertySport
Jeep,RenegadeAltitude
Jeep,Patriot
Jeep,RenegadeDeserthawk
Jeep,Wrangler2dr
Jeep,WranglerSport
Jeep,Wrangler4WD
Jeep,Wrangler2WD
Jeep,WranglerWillys
Jeep,WranglerRWD
Jeep,WranglerFreedom
Jeep,WranglerRubicon
Jeep,WranglerSahara
Jeep,WranglerBlack
Jeep,WranglerBackcountry
Jeep,Wrangler
Jeep,Wrangler75th
Jeep,WranglerX
Jeep,WranglerBig
Jeep,WranglerPolar
Jeep,Patriot4x4
Jeep,WranglerUnlimited
Jeep,WranglerAltitude
Jeep,WranglerHard
Jeep,WranglerLWBU
Jeep,WranglerChief
Jeep,WranglerMoab
Kia,ForteManual
Kia,ForteAutomatic
Kia,ForteLX
Kia,Forte4dr
Kia,ForteS
Kia,Spectra4dr
Kia,ForteEX
Kia,RioSedan
Kia,RioLX
Kia,OptimaLX
Kia,Rio5-door
Kia,OptimaEX
Kia,Optima4dr
Kia,Spectra5dr
Kia,Forte
Kia,Rio5dr
Kia,Rio4dr
Kia,ForteSX
Kia,RioEX
Kia,Optima
Kia,Forte5LX
Kia,SportageAWD
Kia,OptimaSX
Kia,SportageLX
Kia,SportageFWD
Kia,Soul
Kia,Sportage2WD
Kia,SoulManual
Kia,Borrego2WD
Kia,Rio
Kia,Sephia4dr
Kia,SportageBase
Kia,SorentoLX
Kia,Borrego4WD
Kia,SorentoL
Kia,SoulAutomatic
Kia,SorentoAWD
Kia,Sportage4WD
Kia,Soul+
Kia,OptimaLimited
Kia,Optima2006.5
Kia,Sedona4dr
Kia,Soul5dr
Kia,SportageEX
Kia,SportageSX
Kia,Sorento2WD
Kia,Sportage4dr
Kia,Amanti4dr
Kia,OptimaSXL
Kia,Sorento4dr
Kia,Forte5EX
Kia,Soul!
Kia,SedonaEX
Kia,NiroEX
Kia,OptimaS
Kia,NiroFE
Kia,Sorento4WD
Kia,SorentoEX
Kia,SedonaLX
Kia,NiroLX
Kia,SoulBase
Kia,SoulEV
Kia,Forte5SX
Kia,SorentoSX
Kia,SedonaL
Kia,Sedona
Kia,Rondo4dr
Kia,Soul#NAME?
Kia,SorentoLimited
Kia,SoulExclaim
Kia,NiroTouring
Kia,SedonaSX
Kia,CadenzaPremium
Kia,CadenzaSedan
Kia,CadenzaLimited
Kia,K900Luxury
Kia,K900Premium
Kia,K900V6
Kia,SedonaLimited
Kia,K900V8
Kia,SedonaSX-L
Kia,Sportage2dr
Kia,CadenzaTechnology
Lamborghini,Gallardo2dr
Lamborghini,Gallardo
Lamborghini,GallardoCoupe
Lamborghini,Murcielago6.2L
Lamborghini,GallardoConvertible
Lamborghini,Murcielago2dr
Lamborghini,HuracanLP
Lamborghini,HuracanRWD
Lamborghini,Aventador2dr
Lamborghini,HuracanSpyder
Lamborghini,Aventador
Lamborghini,AventadorConvertible
Lamborghini,AventadorCoupe
Land,Rover
Lexus,HS
Lexus,ES
Lexus,IS
Lexus,RX
Lexus,CT
Lexus,SC
Lexus,NX
Lexus,GS
Lexus,GX
Lexus,CTCT
Lexus,LS
Lexus,ISIS
Lexus,NXFWD
Lexus,RC
Lexus,NXAWD
Lexus,RCRC
Lexus,ESES
Lexus,LX
Lexus,NXF
Lexus,RXRX
Lexus,GSGS
Lexus,GXGX
Lexus,GXGX460
Lexus,LSLS
Lexus,LX4WD
Lexus,LCLC
Lexus,LFA2dr
Lincoln,Aviator4dr
Lincoln,AviatorAWD
Lincoln,Zephyr4dr
Lincoln,Aviator2WD
Lincoln,MKCFWD
Lincoln,MKZ4dr
Lincoln,MKZFWD
Lincoln,Continental4dr
Lincoln,MKCAWD
Lincoln,MKZHybrid
Lincoln,MKZ
Lincoln,MKZAWD
Lincoln,MKXFWD
Lincoln,MKZPremiere
Lincoln,MKXAWD
Lincoln,MKX4dr
Lincoln,MKX2WD
Lincoln,LS4dr
Lincoln,Navigator4dr
Lincoln,MKXMKX
Lincoln,MKZSelect
Lincoln,Navigator4WD
Lincoln,Navigator2WD
Lincoln,MKS4dr
Lincoln,MKC
Lincoln,MKZReserve
Lincoln,MKS3.5L
Lincoln,MKS3.7L
Lincoln,Town
Lincoln,MKZBlack
Lincoln,Mark
Lincoln,MKXPremiere
Lincoln,MKT4dr
Lincoln,MKS
Lincoln,Blackwood2WD
Lincoln,MKXSelect
Lincoln,MKCBlack
Lincoln,MKTTOWN
Lincoln,MKT3.5L
Lincoln,MKXReserve
Lincoln,ContinentalPremiere
Lincoln,MKT3.7L
Lincoln,MKTLivery
Lincoln,MKT
Lincoln,MKTAWD
Lincoln,ContinentalSelect
Lincoln,MKTEcoBoost
Lincoln,Navigator
Lincoln,MKTAll
Lincoln,ContinentalReserve
Lincoln,ContinentalBlack
Lotus,Elise2dr
Lotus,Evora2dr
Lotus,EvoraCoupe
Lotus,Exige2dr
Lotus,Esprit2dr
Lotus,Evora
Maserati,Quattroporte4dr
Maserati,QuattroporteExecutive
Maserati,QuattroporteSport
Maserati,Quattroporte
Maserati,QuattroporteS
Maserati,Coupe2dr
Maserati,GranSport2dr
Maserati,Spyder2dr
Maserati,QuattroporteGTS
Maserati,GhibliGhibli
Maserati,GhibliSedan
Maserati,GranTurismo2dr
Maserati,GhibliS
Maserati,GranTurismo
Maserati,GranTurismoSport
Maserati,LevanteAWD
Maserati,GranTurismoMC
Maserati,LevanteS
Maybach,574dr
Maybach,57S4dr
Maybach,624dr
Mazda,CX-7FWD
Mazda,CX-7AWD
Mazda,RX-84dr
Mazda,Mazda3i
Mazda,Mazda34dr
Mazda,Mazda6Sport
Mazda,Mazda35dr
Mazda,Mazda6Touring
Mazda,Mazda64dr
Mazda,Mazda3s
Mazda,Mazda3iSport
Mazda,TributeFWD
Mazda,Mazda6s
Mazda,Mazda6Grand
Mazda,Mazda6i
Mazda,Tribute4WD
Mazda,Mazda3
Mazda,Tribute3.0L
Mazda,Mazda3MAZDASPEED3
Mazda,MAZDA65dr
Mazda,CX-5Sport
Mazda,Mazda2Sport
Mazda,Mazda24dr
Mazda,Mazda2Touring
Mazda,CX-3FWD
Mazda,CX-5Touring
Mazda,Tribute2.3L
Mazda,CX-52016.5
Mazda,CX-5Grand
Mazda,Tribute2.0L
Mazda,CX-3AWD
Mazda,Mazda5Sport
Mazda,Mazda54dr
Mazda,CX-5AWD
Mazda,Mazda5Touring
Mazda,Protege4dr
Mazda,Mazda5Grand
Mazda,B-Series
Mazda,MX5
Mazda,CX-9Sport
Mazda,CX-9FWD
Mazda,CX-9AWD
Mazda,Millenia4dr
Mazda,CX-9Touring
Mazda,Mazda55dr
Mazda,Protege55dr
Mazda,6264dr
Mazda,MPV4dr
Mazda,MX-5
Mazda,CX-9Grand
Mazda,CX-92WD
Mazda,CX-9Signature
McLaren,MP4-12C2dr
McLaren,570S2dr
McLaren,570SCoupe
McLaren,650SSpider
McLaren,570GTCoupe
McLaren,675LT2dr
Mercedes-Benz,C-ClassC280
Mercedes-Benz,C-Class4dr
Mercedes-Benz,C-ClassC240
Mercedes-Benz,C-ClassC230
Mercedes-Benz,C-ClassC250
Mercedes-Benz,C-ClassC300
Mercedes-Benz,C-ClassC320
Mercedes-Benz,GLK-ClassGLK350
Mercedes-Benz,CLA-ClassCLA250
Mercedes-Benz,GLK-Class4MATIC
Mercedes-Benz,C-ClassC350
Mercedes-Benz,CLK-Class2dr
Mercedes-Benz,CLK-ClassCLK500
Mercedes-Benz,C-Class2dr
Mercedes-Benz,C-ClassC
Mercedes-Benz,CLK-ClassCLK320
Mercedes-Benz,GLK-ClassRWD
Mercedes-Benz,CLK-ClassCLK350
Mercedes-Benz,CLK-ClassCLK430
Mercedes-Benz,C-ClassC32
Mercedes-Benz,CLK-ClassCLK55
Mercedes-Benz,C-ClassC55
Mercedes-Benz,C-Class
Mercedes-Benz,R-Class4dr
Mercedes-Benz,GLK-ClassGLK250
Mercedes-Benz,CLACLA250
Mercedes-Benz,E-ClassE320
Mercedes-Benz,Metris
Mercedes-Benz,B-ClassElectric
Mercedes-Benz,E-ClassE350
Mercedes-Benz,R-Class4WD
Mercedes-Benz,GLA-ClassGLA250
Mercedes-Benz,R-Class4MATIC
Mercedes-Benz,R-ClassR350
Mercedes-Benz,E-Class4dr
Mercedes-Benz,E-ClassE500
Mercedes-Benz,SLK-ClassSLK230
Mercedes-Benz,E-ClassE430
Mercedes-Benz,M-ClassML350
Mercedes-Benz,SLK-ClassSLK280
Mercedes-Benz,GLK-ClassGLK
Mercedes-Benz,M-ClassML500
Mercedes-Benz,M-Class4MATIC
Mercedes-Benz,SLK-Class2dr
Mercedes-Benz,R-ClassR500
Mercedes-Benz,SLK-ClassSLK320
Mercedes-Benz,SLK-ClassSLK350
Mercedes-Benz,M-Class4WD
Mercedes-Benz,GLAGLA250
Mercedes-Benz,M-ClassML320
Mercedes-Benz,S-ClassS430
Mercedes-Benz,M-ClassRWD
Mercedes-Benz,S-ClassS500
Mercedes-Benz,CLACLA
Mercedes-Benz,E-Class2dr
Mercedes-Benz,S-ClassS350
Mercedes-Benz,GLAGLA
Mercedes-Benz,Sprinter
Mercedes-Benz,S-ClassS600
Mercedes-Benz,SLK-ClassSLK250
Mercedes-Benz,C-ClassC400
Mercedes-Benz,E-ClassE400
Mercedes-Benz,E-ClassE550
Mercedes-Benz,SLKSLK300
Mercedes-Benz,SLK-ClassSLK32
Mercedes-Benz,CLS-ClassCLS500
Mercedes-Benz,E-ClassE300
Mercedes-Benz,E-ClassE55
Mercedes-Benz,S-Class4dr
Mercedes-Benz,GL-ClassGL450
Mercedes-Benz,C-ClassC63
Mercedes-Benz,CL-ClassCL500
Mercedes-Benz,SL-ClassSL500
Mercedes-Benz,GL-Class4WD
Mercedes-Benz,CLA-ClassCLA45
Mercedes-Benz,S-ClassS55
Mercedes-Benz,M-ClassML55
Mercedes-Benz,SLK-ClassSLK55
Mercedes-Benz,GL-Class4MATIC
Mercedes-Benz,CLS-Class4dr
Mercedes-Benz,C-ClassC350e
Mercedes-Benz,GLCGLC300
Mercedes-Benz,B-ClassB250e
Mercedes-Benz,M-ClassML430
Mercedes-Benz,CL-ClassCL600
Mercedes-Benz,S-ClassS420
Mercedes-Benz,GLA-ClassGLA45
Mercedes-Benz,S-ClassS320
Mercedes-Benz,CL-ClassCL55
Mercedes-Benz,E-ClassE
Mercedes-Benz,CL-ClassCL
Mercedes-Benz,M-ClassML
Mercedes-Benz,E-ClassE250
Mercedes-Benz,CLS-ClassCLS55
Mercedes-Benz,GLCGLC
Mercedes-Benz,S-ClassS550
Mercedes-Benz,GL-ClassGL350
Mercedes-Benz,SL-Class2dr
Mercedes-Benz,CL-ClassCL550
Mercedes-Benz,C-ClassC450
Mercedes-Benz,CL-Class2dr
Mercedes-Benz,SL-ClassSL320
Mercedes-Benz,M-ClassML250
Mercedes-Benz,SL-ClassSL600
Mercedes-Benz,SL-ClassSL55
Mercedes-Benz,CLS-ClassCLS550
Mercedes-Benz,M-ClassML550
Mercedes-Benz,GL-ClassGL550
Mercedes-Benz,S-ClassS65
Mercedes-Benz,GLEGLE350
Mercedes-Benz,M-ClassML400
Mercedes-Benz,S-ClassS400
Mercedes-Benz,C-ClassAMG
Mercedes-Benz,CL-ClassCL65
Mercedes-Benz,SLCSLC
Mercedes-Benz,SLKSLK350
Mercedes-Benz,GLEGLE
Mercedes-Benz,GLA-ClassGLA
Mercedes-Benz,GLEGLE400
Mercedes-Benz,GLGL450
Mercedes-Benz,GLAAMG
Mercedes-Benz,CLACLA45
Mercedes-Benz,M-ClassML63
Mercedes-Benz,GLEGLE300d
Mercedes-Benz,SL-ClassSL550
Mercedes-Benz,E-ClassE420
Mercedes-Benz,E-ClassE63
Mercedes-Benz,SL-ClassSL65
Mercedes-Benz,CLSCLS400
Mercedes-Benz,CLS-ClassCLS400
Mercedes-Benz,CLS-ClassCLS63
Mercedes-Benz,S-ClassS63
Mercedes-Benz,G-ClassG500
Mercedes-Benz,SLCAMG
Mercedes-Benz,CLAAMG
Mercedes-Benz,GLCAMG
Mercedes-Benz,GLSGLS
Mercedes-Benz,GLGL350
Mercedes-Benz,SL-ClassSL63
Mercedes-Benz,G-Class4WD
Mercedes-Benz,GLGL550
Mercedes-Benz,SL-ClassSL400
Mercedes-Benz,GLEGLE450
Mercedes-Benz,CLSCLS550
Mercedes-Benz,G-ClassG55
Mercedes-Benz,CL-ClassCL63
Mercedes-Benz,CLSCLS
Mercedes-Benz,GLEAMG
Mercedes-Benz,G-Class4MATIC
Mercedes-Benz,GL-ClassGL63
Mercedes-Benz,E-ClassAMG
Mercedes-Benz,G-ClassG550
Mercedes-Benz,GLEGLE63
Mercedes-Benz,SLSL400
Mercedes-Benz,CLSAMG
Mercedes-Benz,SLSL550
Mercedes-Benz,GLAMG
Mercedes-Benz,S-ClassS
Mercedes-Benz,SLSL
Mercedes-Benz,AMG
Mercedes-Benz,S-ClassAMG
Mercedes-Benz,G-ClassG63
Mercedes-Benz,GLSAMG
Mercedes-Benz,SLS
Mercedes-Benz,S-ClassMaybach
Mercedes-Benz,G-ClassG
Mercedes-Benz,G-ClassAMG
Mercedes-Benz,SLAMG
Mercedes-Benz,SLR
Mercury,MarinerFWD
Mercury,Mariner4WD
Mercury,Mariner4dr
Mercury,Milan4dr
Mercury,Monterey4dr
Mercury,Mountaineer4dr
Mercury,Montego4dr
Mercury,MountaineerRWD
Mercury,MountaineerAWD
Mercury,Mountaineer2WD
Mercury,Grand
Mercury,Sable4dr
Mercury,Cougar3dr
Mercury,Villager
Mercury,Cougar2dr
Mercury,Villager5dr
Mercury,Marauder4dr
Mercury,Villager4dr
Mercury,MountaineerLuxury
Mercury,Tracer4dr
MINI,Cooper
MINI,ClubmanCooper
MINI,Hardtop
MINI,ConvertibleCooper
MINI,CountrymanCooper
MINI,ConvertibleJohn
Mitsubishi,Outlander
Mitsubishi,Mirage
Mitsubishi,LancerES
Mitsubishi,OutlanderES
Mitsubishi,LancerCVT
Mitsubishi,LancerLE
Mitsubishi,Lancer4dr
Mitsubishi,LancerMan
Mitsubishi,MirageES
Mitsubishi,LancerSE
Mitsubishi,MirageDE
Mitsubishi,EclipseAuto
Mitsubishi,LancerGT
Mitsubishi,OutlanderSEL
Mitsubishi,MirageGT
Mitsubishi,Lancer
Mitsubishi,Outlander2WD
Mitsubishi,OutlanderSE
Mitsubishi,Outlander4WD
Mitsubishi,Lancer5dr
Mitsubishi,Eclipse3dr
Mitsubishi,Eclipse2dr
Mitsubishi,MirageSE
Mitsubishi,LancerSEL
Mitsubishi,MirageCVT
Mitsubishi,Galant4dr
Mitsubishi,OutlanderGT
Mitsubishi,OutlanderAWD
Mitsubishi,i-MiEV4dr
Mitsubishi,Outlander4dr
Mitsubishi,i-MiEVES
Mitsubishi,GalantFE
Mitsubishi,EclipseGS
Mitsubishi,GalantES
Mitsubishi,LancerRalliart
Mitsubishi,Montero
Mitsubishi,RaiderDouble
Mitsubishi,LancerTC-SST
Mitsubishi,Raider2WD
Mitsubishi,EndeavorLS
Mitsubishi,Galant
Mitsubishi,EndeavorFWD
Mitsubishi,Raider4WD
Mitsubishi,EndeavorAWD
Mitsubishi,EndeavorSE
Mitsubishi,Endeavor4dr
Mitsubishi,3000GT2dr
Mitsubishi,Mirage4dr
Mitsubishi,Diamante4dr
Mitsubishi,EclipseGT
Mitsubishi,Montero4dr
Mitsubishi,LancerEvolution
Mitsubishi,Mirage2dr
Mitsubishi,Endeavor2004.5
Nissan,Altima4dr
Nissan,Altima2.5
Nissan,AltimaSedan
Nissan,SentraS
Nissan,Rogue
Nissan,Versa1.6
Nissan,Versa
Nissan,SentraSR
Nissan,Sentra4dr
Nissan,SentraFE+
Nissan,VersaS
Nissan,Altima2dr
Nissan,SentraSV
Nissan,Altima2017.5
Nissan,Maxima3.5
Nissan,Maxima4dr
Nissan,SentraSL
Nissan,AltimaCoupe
Nissan,Altima3.5
Nissan,VersaSL
Nissan,VersaSV
Nissan,MuranoAWD
Nissan,Murano2WD
Nissan,Versa5dr
Nissan,MaximaS
Nissan,SentraNISMO
Nissan,Versa4dr
Nissan,RogueAWD
Nissan,RogueS
Nissan,MuranoS
Nissan,Sentra
Nissan,MuranoSV
Nissan,RogueSV
Nissan,MuranoSL
Nissan,MuranoLE
Nissan,MaximaSV
Nissan,LEAFS
Nissan,Murano4dr
Nissan,MaximaSR
Nissan,MaximaSL
Nissan,LEAFSL
Nissan,LEAFSV
Nissan,RogueSL
Nissan,NV200
Nissan,LEAF4dr
Nissan,RogueFWD
Nissan,MaximaPlatinum
Nissan,Rogue2017.5
Nissan,MuranoFWD
Nissan,Titan2WD
Nissan,Murano2017.5
Nissan,350Z2dr
Nissan,Maxima
Nissan,Murano
Nissan,TitanSingle
Nissan,TitanKing
Nissan,PathfinderSV
Nissan,Frontier
Nissan,QuestSV
Nissan,Pathfinder2WD
Nissan,PathfinderS
Nissan,QuestS
Nissan,QuestPlatinum
Nissan,Quest4dr
Nissan,FrontierKing
Nissan,PathfinderLE
Nissan,Pathfinder4WD
Nissan,JUKES
Nissan,PathfinderSL
Nissan,Titan4WD
Nissan,Xterra2WD
Nissan,FrontierCrew
Nissan,TitanCrew
Nissan,QuestSL
Nissan,Xterra4dr
Nissan,Rogue4DR
Nissan,cubeS
Nissan,Frontier2WD
Nissan,JUKEFWD
Nissan,Xterra4WD
Nissan,ArmadaLE
Nissan,JUKE5dr
Nissan,JUKESL
Nissan,PathfinderSE
Nissan,Armada2WD
Nissan,XterraX
Nissan,PathfinderPlatinum
Nissan,JUKESV
Nissan,JUKENISMO
Nissan,XterraS
Nissan,TitanSE
Nissan,cubeSL
Nissan,FrontierS
Nissan,PathfinderHybrid
Nissan,NV
Nissan,Pathfinder
Nissan,cube5dr
Nissan,XterraPRO-4X
Nissan,PathfinderXE
Nissan,NV200S
Nissan,JUKEAWD
Nissan,ArmadaSE
Nissan,QuestLE
Nissan,NV200SV
Nissan,Quest3dr
Nissan,NV1500
Nissan,Armada4WD
Nissan,Trucks
Nissan,NVP3500
Nissan,Frontier4WD
Nissan,NVPV6
Nissan,Pathfinder4dr
Nissan,ArmadaSV
Nissan,Titan
Nissan,370ZCoupe
Nissan,NVPV8
Nissan,ArmadaSL
Nissan,ArmadaPlatinum
Nissan,370Z2dr
Nissan,NVStandard
Nissan,NV2500
Nissan,NVHigh
Nissan,370ZRoadster
Nissan,Armada2008
Nissan,370ZHeated/Cooled
Nissan,Pathfinder99.5
Nissan,NV3500
Nissan,200SX2dr
Nissan,FrontierSE
Nissan,ArmadaNISSAN
Nissan,GT-R2dr
Nissan,GT-RPremium
Nissan,GT-RBlack
Nissan,GT-RTrack
Nissan,GT-RNISMO
Oldsmobile,Alero4dr
Oldsmobile,884dr
Oldsmobile,LSS4dr
Oldsmobile,Bravada4dr
Oldsmobile,Alero2dr
Oldsmobile,Regency4dr
Oldsmobile,Cutlass
Oldsmobile,Aurora4dr
Oldsmobile,Silhouette4dr
Oldsmobile,Intrigue4dr
Oldsmobile,Cutlass4dr
Plymouth,Neon4dr
Plymouth,Breeze4dr
Plymouth,Voyager3
Plymouth,Voyager4
Plymouth,Prowler2dr
Pontiac,Solstice2dr
Pontiac,Grand
Pontiac,TorrentFWD
Pontiac,TorrentTorrent
Pontiac,G35dr
Pontiac,G62dr
Pontiac,G64dr
Pontiac,TorrentAWD
Pontiac,G52dr
Pontiac,Torrent
Pontiac,Vibe4dr
Pontiac,Montana
Pontiac,G84dr
Pontiac,G5Base
Pontiac,Firebird2dr
Pontiac,GTO2dr
Pontiac,Sunfire2dr
Pontiac,Bonneville4dr
Pontiac,Firebird2000
Pontiac,Sunfire4dr
Pontiac,Montana4dr
Pontiac,Aztek4dr
Porsche,Cayman2dr
Porsche,Cayenne4dr
Porsche,Boxster2dr
Porsche,CayenneAWD
Porsche,CaymanCoupe
Porsche,CayenneManual
Porsche,CayenneTiptronic
Porsche,911
Porsche,CayenneS
Porsche,BoxsterRoadster
Porsche,CayenneDiesel
Porsche,CaymanRWD
Porsche,9112dr
Porsche,CaymanBlack
Porsche,CayenneGTS
Porsche,BoxsterRWD
Porsche,Panamera4dr
Porsche,BoxsterBlack
Porsche,MacanAWD
Porsche,CaymanS
Porsche,MacanS
Porsche,PanameraPlatinum
Porsche,CayenneTurbo
Porsche,Panamerabase
Porsche,PanameraRWD
Porsche,718
Porsche,CayennePlatinum
Porsche,Panamera4
Porsche,PanameraS
Porsche,MacanTurbo
Porsche,Panamera4S
Porsche,BoxsterS
Porsche,PanameraGTS
Porsche,CaymanGTS
Porsche,911Carrera
Porsche,BoxsterGTS
Porsche,PanameraEdition
Porsche,MacanGTS
Porsche,PanameraTurbo
Porsche,911Cabriolet
Porsche,911Coupe
Porsche,CaymanGT4
Porsche,911Targa
Porsche,BoxsterSpyder
Porsche,911Turbo
Porsche,911GT3
Ram,"1500Express,"
Ram,1500Tradesman
Ram,"1500Tradesman,"
Ram,15002WD
Ram,"1500HFE,"
Ram,"1500SLT,"
Ram,Dakota2WD
Ram,1500HFE
Ram,55004WD
Ram,1500Express
Ram,1500SLT
Ram,ProMaster3500
Ram,15004WD
Ram,1500Lone
Ram,1500Big
Ram,ProMaster
Ram,"1500Outdoorsman,"
Ram,Cargo
Ram,"1500Laramie,"
Ram,"1500Sport,"
Ram,Dakota4WD
Ram,25002WD
Ram,1500
Ram,"2500Tradesman,"
Ram,1500Laramie
Ram,25004WD
Ram,"1500R/T,"
Ram,1500Night
Ram,45002WD
Ram,"1500SSV,"
Ram,1500Sport
Ram,1500NEW
Ram,3500
Ram,1500SSV
Ram,1500RAM
Ram,"1500Longhorn,"
Ram,"2500SLT,"
Ram,35002WD
Ram,5500
Ram,35004WD
Ram,1500Rebel
Ram,"3500Tradesman,"
Ram,"1500Rebel,"
Ram,55002WD
Ram,45004WD
Ram,"2500Outdoorsman,"
Ram,2500Big
Ram,1500Limited
Ram,1500Longhorn
Ram,2500Lone
Ram,2500Tradesman
Ram,"3500SLT,"
Ram,"2500Laramie,"
Ram,2500Power
Ram,3500Tradesman
Ram,"2500Longhorn,"
Ram,3500Big
Ram,3500Lone
Ram,2500Laramie
Ram,3500SLT
Ram,"3500Laramie,"
Ram,4500
Ram,"3500Longhorn,"
Ram,3500Last
Ram,3500Laramie
Ram,2500Longhorn
Ram,3500Longhorn
Ram,2500SLT
Ram,3500DIESEL!
Rolls-Royce,Phantom4dr
Rolls-Royce,Ghost4dr
Rolls-Royce,GhostSedan
Rolls-Royce,Phantom
Rolls-Royce,WraithCoupe
Rolls-Royce,PhantomSedan
Rolls-Royce,Dawn2dr
Rolls-Royce,DawnConvertible
Saab,9-34dr
Saab,9-32dr
Saab,9-3Aero
Saab,9-32.0T
Saab,3-Sep
Saab,9-35dr
Saab,9-54dr
Saab,9-52.3t
Saab,9-2X4dr
Saab,9-5Base
Saab,9-7XAWD
Saab,9-7X4dr
Saab,9-4XAWD
Saturn,Sky2dr
Saturn,VUEAWD
Saturn,Aura4dr
Saturn,Ion4dr
Saturn,VUEFWD
Saturn,VUE4dr
Saturn,IonION
Saturn,Astra3dr
Saturn,VUEVUE
Saturn,Astra5dr
Saturn,Relay4dr
Saturn,LSLS1
Saturn,OutlookFWD
Saturn,LSL-200
Saturn,VUE
Saturn,OutlookAWD
Saturn,SLSL2
Saturn,LSL-300
Saturn,SC
Saturn,SWSW2
Saturn,L-SeriesL300
Saturn,SLSL1
Saturn,LWLW-200
Saturn,LWLW-300
Saturn,LSL-100
Saturn,LSLS2
Saturn,LWLW2
Saturn,SLSL
Saturn,SWSW1
Saturn,LWLW1
Scion,iAAutomatic
Scion,tCAutomatic
Scion,iAManual
Scion,iA4dr
Scion,tCManual
Scion,tC2dr
Scion,iMAutomatic
Scion,iMManual
Scion,xDAutomatic
Scion,xD
Scion,xD5dr
Scion,xDManual
Scion,tC3dr
Scion,iM5dr
Scion,tC
Scion,FR-S2dr
Scion,FR-SManual
Scion,xA4dr
Scion,FR-SAutomatic
Scion,iQHatchback
Scion,xBAutomatic
Scion,iQbase
Scion,iQ10th
Scion,xBManual
Scion,iQ3dr
Scion,xB5dr
Scion,xB686
Scion,xBBase
smart,fortwo
smart,fortwopure
smart,fortwoCoupe
smart,fortwopassion
smart,fortwoPrime
smart,fortwo2dr
smart,fortwoCabriolet
smart,fortwoProxy
Subaru,XV
Subaru,Impreza
Subaru,Forester2.5i
Subaru,BRZLimited
Subaru,Legacy2.5i
Subaru,B9
Subaru,Legacy4dr
Subaru,Impreza4-door
Subaru,BRZPremium
Subaru,Impreza5-door
Subaru,ImprezaSport
Subaru,CrosstrekPremium
Subaru,ImprezaPremium
Subaru,Crosstrek2.0i
Subaru,CrosstrekLimited
Subaru,Forester2.5X
Subaru,Legacy3.6R
Subaru,Legacy
Subaru,Forester4dr
Subaru,CrosstrekManual
Subaru,ForesterAWD
Subaru,BRZSeries.Blue
Subaru,Crosstrek
Subaru,Outback2.5i
Subaru,Outback4dr
Subaru,Forester2.0XT
Subaru,Forester2.5XT
Subaru,BRZSeries.HyperBlue
Subaru,Tribeca4dr
Subaru,ImprezaLimited
Subaru,BRZSeries.Yellow
Subaru,Tribeca3.6R
Subaru,WRXManual
Subaru,Outback2014
Subaru,Outback3.6R
Subaru,Forester
Subaru,Outback
Subaru,WRXCVT
Subaru,WRXPremium
Subaru,Baja4dr
Subaru,WRXLimited
Subaru,WRXSTI
Subaru,WRX
Suzuki,Reno4dr
Suzuki,Forenza4dr
Suzuki,SX44dr
Suzuki,SX4Sedan
Suzuki,Kizashi4dr
Suzuki,SX45dr
Suzuki,Verona4dr
Suzuki,XL-7FWD
Suzuki,XL-7AWD
Suzuki,SX4Hatchback
Suzuki,Equator2WD
Suzuki,KizashiCVT
Suzuki,Aerio4dr
Suzuki,XL-74dr
Suzuki,Grand
Suzuki,Equator4WD
Suzuki,Vitara2dr
Suzuki,Sidekick4dr
Suzuki,Vitara4dr
Suzuki,Esteem4dr
Suzuki,Sidekick2dr
Tesla,Model
Tesla,Roadster2dr
Tesla,Roadster
Toyota,Corolla4dr
Toyota,CorollaLE
Toyota,CorollaS
Toyota,Camry
Toyota,CorollaL
Toyota,CorollaSE
Toyota,CamrySE
Toyota,Yaris
Toyota,CorollaECO
Toyota,Prius
Toyota,CamryLE
Toyota,Camry4dr
Toyota,CamryL
Toyota,CamryXLE
Toyota,CamryXSE
Toyota,CorollaXLE
Toyota,Corolla
Toyota,Camry2014.5
Toyota,Yaris3-Door
Toyota,CorollaXSE
Toyota,Yaris5-Door
Toyota,CamryHybrid
Toyota,Matrix5dr
Toyota,Yaris5dr
Toyota,Yaris3dr
Toyota,YarisL
Toyota,MatrixS
Toyota,MatrixL
Toyota,Yaris4dr
Toyota,C-HRXLE
Toyota,RAV44X4
Toyota,YarisLE
Toyota,RAV4FWD
Toyota,PriusThree
Toyota,Highlander
Toyota,PriusTwo
Toyota,PriusFour
Toyota,RAV44X2
Toyota,Prius5dr
Toyota,RAV44WD
Toyota,RAV44dr
Toyota,PriusFive
Toyota,RAV4AWD
Toyota,RAV4
Toyota,YarisBase
Toyota,RAV4LE
Toyota,RAV42WD
Toyota,MR2
Toyota,Avalon
Toyota,YarisFleet
Toyota,PriusOne
Toyota,Celica3dr
Toyota,"SiennaL,"
Toyota,86Manual
Toyota,"Yaris4DR,"
Toyota,RAV4XLE
Toyota,Tundra2WD
Toyota,PriusPersona
Toyota,YarisSedan
Toyota,Avalon4dr
Toyota,TacomaRegular
Toyota,86Automatic
Toyota,Tacoma2WD
Toyota,AvalonXLE
Toyota,RAV4XLE/4WD/W/NAV/REAR
Toyota,RAV4SE
Toyota,AvalonTouring
Toyota,CorollaXRS
Toyota,AvalonLimited
Toyota,4Runner4dr
Toyota,"VenzaLE,"
Toyota,"SiennaLE,"
Toyota,RAV4Sport
Toyota,Tacoma4WD
Toyota,Highlander4dr
Toyota,PriusHATCACK
Toyota,Highlander2WD
Toyota,Prius4dr
Toyota,RAV4Limited
Toyota,VenzaLE
Toyota,Venza4dr
Toyota,TacomaAccess
Toyota,Sienna5dr
Toyota,Echo2dr
Toyota,RAV4base
Toyota,SiennaBase
Toyota,AvalonPremium
Toyota,HighlanderFWD
Toyota,VenzaXLE
Toyota,86SE
Toyota,Tundra
Toyota,Highlander4WD
Toyota,Highlander4X2
Toyota,Highlander4X4
Toyota,"VenzaXLE,"
Toyota,PriusIII
Toyota,Tundra4WD
Toyota,RAV4Platinum
Toyota,HighlanderLimited
Toyota,SiennaLE
Toyota,TacomaDouble
Toyota,SiennaL
Toyota,SiennaXLE
Toyota,"RAV4V6,Sport,JBL"
Toyota,"SiennaSE,"
Toyota,SiennaCE
Toyota,Echo4dr
Toyota,"SiennaXLE,"
Toyota,HighlanderAWD
Toyota,"VenzaLimited,"
Toyota,Tercel2dr
Toyota,TacomaPreRunner
Toyota,HighlanderSport
Toyota,Sequoia4dr
Toyota,"SiennaLimited,"
Toyota,4Runner4WD
Toyota,HighlanderLE
Toyota,SiennaLE/DVD
Toyota,Sienna
Toyota,4Runner2WD
Toyota,VenzaLimited
Toyota,Sequoia2WD
Toyota,FJ
Toyota,SiennaLimited
Toyota,HighlanderHybrid
Toyota,HighlanderHARD
Toyota,4RunnerRWD
Toyota,SequoiaRWD
Toyota,Tacoma4D
Toyota,SiennaSE
Toyota,AvalonHybrid
Toyota,Sequoia4WD
Toyota,4Runner4x2
Toyota,TundraSR5
Toyota,"SiennaXLE,CERTIFIED,"
Toyota,Sienna7-Pass
Toyota,T100XtraCab
Toyota,4Runner4x4
Toyota,TacomaBase
Toyota,Sequoia4X2
Toyota,4RunnerSR5
Toyota,Land
Toyota,Celica2dr
Toyota,HighlanderXLE
Toyota,HighlanderSE
Toyota,Sequoia4X4
Toyota,SequoiaSR5
Toyota,TacomaSR5
Toyota,4Runner
Toyota,MiraiSedan
Toyota,Previa3dr
Toyota,TacomaTRD
Toyota,Tacoma
Toyota,RAV42dr
Toyota,SequoiaLimited
Toyota,Supra3dr
Toyota,SequoiaPlatinum
Volkswagen,Passat
Volkswagen,Golf
Volkswagen,Passat4dr
Volkswagen,Jetta
Volkswagen,Passat1.8T
Volkswagen,CC4dr
Volkswagen,Passat2.5L
Volkswagen,Jetta1.4T
Volkswagen,PassatSE
Volkswagen,PassatWolfsburg
Volkswagen,PassatS
Volkswagen,CCSport
Volkswagen,Golf2dr
Volkswagen,CCLuxury
Volkswagen,CCLux
Volkswagen,Golf2.5L
Volkswagen,Passat2.5
Volkswagen,CCVR6
Volkswagen,CCR-Line
Volkswagen,Golf4-Door
Volkswagen,PassatV6
Volkswagen,CC2.0T
Volkswagen,CCDSG
Volkswagen,New
Volkswagen,GolfS
Volkswagen,Eos2dr
Volkswagen,TiguanS
Volkswagen,PassatCERTIFIED
Volkswagen,Routan4dr
Volkswagen,Golf2-Door
Volkswagen,Tiguan2WD
Volkswagen,TiguanSEL
Volkswagen,PassatTDI
Volkswagen,e-GolfSE
Volkswagen,CCExecutive
Volkswagen,e-GolfLimited
Volkswagen,e-GolfSEL
Volkswagen,TiguanSE
Volkswagen,Passat3.6L
Volkswagen,GLIBase
Volkswagen,GLI4dr
Volkswagen,TiguanAWD
Volkswagen,Golf4dr
Volkswagen,TiguanFWD
Volkswagen,Tiguan4MOTION
Volkswagen,Golf2013
Volkswagen,GolfWolfsburg
Volkswagen,Touareg4dr
Volkswagen,Jetta1.8T
Volkswagen,Tiguan4WD
Volkswagen,Passat*Clean
Volkswagen,TiguanWolfsburg
Volkswagen,GLIAutobahn
Volkswagen,Tiguan/
Volkswagen,GolfSE
Volkswagen,TiguanR-Line
Volkswagen,JettaGLI
Volkswagen,EosExecutive
Volkswagen,TiguanSport
Volkswagen,EosSport
Volkswagen,RoutanSE
Volkswagen,Eos2.0T
Volkswagen,RoutanSEL
Volkswagen,EosKomfort
Volkswagen,EosLux
Volkswagen,Rabbit2dr
Volkswagen,Beetle
Volkswagen,GolfTDI
Volkswagen,TouaregV6
Volkswagen,Tiguan
Volkswagen,EosFinal
Volkswagen,GTI2dr
Volkswagen,GTI4dr
Volkswagen,Rabbit4dr
Volkswagen,GTI4-Door
Volkswagen,Touareg
Volkswagen,Jetta4dr
Volkswagen,Beetle2dr
Volkswagen,GTIWolfsburg
Volkswagen,GTIDriver's
Volkswagen,GTI2-Door
Volkswagen,"GTI4-Door,"
Volkswagen,BeetleS
Volkswagen,Cabrio2dr
Volkswagen,GTIBase
Volkswagen,R322dr
Volkswagen,Beetle2.5L
Volkswagen,BeetleClassic
Volkswagen,GTIGLX
Volkswagen,BeetleSE
Volkswagen,Beetle1.8T
Volkswagen,EuroVan3dr
Volkswagen,Phaeton4dr
Volkswagen,TouaregHybrid
Volkswagen,Beetle#PinkBeetle
Volkswagen,BeetleSEL
Volkswagen,TouaregTDI
Volkswagen,RoutanS
Volkswagen,Atlas3.6L
Volkswagen,CabrioCONVERTIBLE
Volkswagen,TouaregX
Volkswagen,GolfSEL
Volvo,S60T5
Volvo,S604dr
Volvo,S60FWD
Volvo,S602.5T
Volvo,S602015.5
Volvo,S804dr
Volvo,V502.4L
Volvo,V504dr
Volvo,S602.5L
Volvo,S803.2L
Volvo,S404dr
Volvo,S402.5L
Volvo,XC90FWD
Volvo,V502.5L
Volvo,S402.4L
Volvo,S602.4L
Volvo,XC704dr
Volvo,XC90AWD
Volvo,S402004
Volvo,XC904dr
Volvo,S60Sedan
Volvo,XC902.5L
Volvo,C702dr
Volvo,S802.5T
Volvo,S60AWD
Volvo,S803.0L
Volvo,S80T6
Volvo,S602.4
Volvo,XC60FWD
Volvo,S60T6
Volvo,S40A
Volvo,S80T5
Volvo,S802015.5
Volvo,S60
Volvo,S802.9
Volvo,S402004.5
Volvo,S602.4T
Volvo,XC904.4L
Volvo,XC702.5L
Volvo,XC603.2L
Volvo,C70T5
Volvo,S802.5L
Volvo,XC60AWD
Volvo,C70
Volvo,C702.5L
Volvo,XC90T6
Volvo,XC90LEATHER
Volvo,XC90
Volvo,XC70FWD
Volvo,V40A
Volvo,XC70AWD
Volvo,XC602015.5
Volvo,C70HT
Volvo,V405dr
Volvo,C70LT
Volvo,XC604dr
Volvo,XC703.2L
Volvo,V60T5
Volvo,XC60T6
Volvo,V602015.5
Volvo,XC60T5
Volvo,XC603.2
Volvo,XC90R-Design
Volvo,XC903.2
Volvo,C302dr
Volvo,XC60
Volvo,XC903.2L
Volvo,XC70T5
Volvo,XC70T6
Volvo,V70XC
Volvo,V60
Volvo,C70Inscription
Volvo,XC703.0T
Volvo,XC702015.5
Volvo,V702.4
Volvo,V702.4L
Volvo,V704dr
Volvo,V702.5L
Volvo,C30T5
Volvo,C30R-Design
Volvo,XC603.0L
Volvo,9605dr
Volvo,V702.4T
Volvo,V705dr
Volvo,V70XC70
Volvo,XC90Premier
Volvo,V905dr
Volvo,V70A
Volvo,C70Convertible
Volvo,S70M
Volvo,XC70Platinum
Volvo,S70A
Volvo,V70T5
Volvo,S70AWD
Volvo,S70GLT
Volvo,S90T5
Volvo,XC90T5
Volvo,S704dr
Volvo,V60T6
Volvo,V70R
Volvo,XC703.2
Volvo,XC902.5T
Volvo,S90T6
Volvo,V90
Volvo,XC90T8
Volvo,V60Polestar
